[{
    "id": 1,
    "first_name": "Forest",
    "last_name": "Roddick",
    "email": "froddick0@cisco.com",
    "gender": "Male",
    "picture": "https://randomuser.me/api/portraits/men/1.jpg",
    "dob": "14/03/1989"
  }, {
    "id": 2,
    "first_name": "Rabi",
    "last_name": "Schleicher",
    "email": "rschleicher1@cloudflare.com",
    "gender": "Male",
    "picture": "https://randomuser.me/api/portraits/men/2.jpg",
    "dob": "27/04/1992"
  }, {
    "id": 3,
    "first_name": "Wanda",
    "last_name": "De Witt",
    "email": "wdewitt2@noaa.gov",
    "gender": "Female",
    "picture": "https://randomuser.me/api/portraits/women/3.jpg",
    "dob": "14/07/1995"
  }, {
    "id": 4,
    "first_name": "Rahel",
    "last_name": "Llewellyn",
    "email": "rllewellyn3@wordpress.org",
    "gender": "Female",
    "picture": "https://randomuser.me/api/portraits/women/4.jpg",
    "dob": "27/02/1994"
  }, {
    "id": 5,
    "first_name": "Lynette",
    "last_name": "Oughtright",
    "email": "loughtright4@ted.com",
    "gender": "Female",
    "picture": "https://randomuser.me/api/portraits/women/5.jpg",
    "dob": "31/10/1988"
  }, {
    "id": 6,
    "first_name": "Emilie",
    "last_name": "Blazevic",
    "email": "eblazevic5@ucoz.com",
    "gender": "Female",
    "picture": "https://randomuser.me/api/portraits/women/6.jpg",
    "dob": "30/01/1997"
  }, {
    "id": 7,
    "first_name": "Orren",
    "last_name": "Drayton",
    "email": "odrayton6@wikimedia.org",
    "gender": "Male",
    "picture": "https://randomuser.me/api/portraits/men/7.jpg",
    "dob": "20/08/1990"
  }, {
    "id": 8,
    "first_name": "Demott",
    "last_name": "Tregonna",
    "email": "dtregonna7@163.com",
    "gender": "Male",
    "picture": "https://randomuser.me/api/portraits/men/8.jpg",
    "dob": "15/06/1971"
  }, {
    "id": 9,
    "first_name": "Patin",
    "last_name": "Jeannin",
    "email": "pjeannin8@marketwatch.com",
    "gender": "Male",
    "picture": "https://randomuser.me/api/portraits/men/9.jpg",
    "dob": "21/03/1977"
  }, {
    "id": 10,
    "first_name": "Erie",
    "last_name": "Ponting",
    "email": "eponting9@stanford.edu",
    "gender": "Male",
    "picture": "https://randomuser.me/api/portraits/men/10.jpg",
    "dob": "29/08/1996"
  }]